{
  "project_info": {
    "project_number": "183690105780",
    "firebase_url": "https://sample1-7418d-default-rtdb.firebaseio.com",
    "project_id": "sample1-7418d",
    "storage_bucket": "sample1-7418d.appspot.com"
  },
  "client": [
    {
      "client_info": {
        "mobilesdk_app_id": "1:183690105780:android:dc0d62b9299892d65558e1",
        "android_client_info": {
          "package_name": "com.example.sample1"
        }
      },
      "oauth_client": [
        {
          "client_id": "183690105780-1tvq95qdbuns1sr5pkafrmlndsjm8s8n.apps.googleusercontent.com",
          "client_type": 3
        }
      ],
      "api_key": [
        {
          "current_key": "AIzaSyA80WP_mnlzA8-rUzJPpmEl9A8uzgp7qzU"
        }
      ],
      "services": {
        "appinvite_service": {
          "other_platform_oauth_client": [
            {
              "client_id": "183690105780-1tvq95qdbuns1sr5pkafrmlndsjm8s8n.apps.googleusercontent.com",
              "client_type": 3
            }
          ]
        }
      }
    }
  ],
  "configuration_version": "1"
}